username,password,first_name,last_name,picture
elisa.coelho,YQh3}/Jj2o<Y,Elisa,Coelho,Fotografia Perfil Profissional copy.png
cristina.duarte,L;U-OVAisui9,Cristina,Duarte,Fotografia Perfil Profissional copy.png
danielbatista39,}y`GUCyT0v]x,Daniel,Batista,Fotografia Perfil Profissional copy.png
leonor.cardoso40,SE4tih:X#\|u,Leonor,Cardoso,Fotografia Perfil Profissional copy.png
danielcampos14,"w7IG,J71ft/h",Daniel,Campos,Fotografia Perfil Profissional copy.png
cristina.machado,]nw?.\^Y0_!B,Cristina,Machado,Fotografia Perfil Profissional copy.png
bruna.costa28,RL4W'F]08JlO,Bruna,Costa,Fotografia Perfil Profissional copy.png
miguel.silva80,Y]iptYqd.S}C,Miguel,Silva,Fotografia Perfil Profissional copy.png
pedrofigueiredo66,"rjBqu3Lj3o8,",Pedro,Figueiredo,Fotografia Perfil Profissional copy.png
patríciacruz30,HBY&1K'Mv@@#,Patrícia,Cruz,Fotografia Perfil Profissional copy.png
madalena.moreira,9P;0r*;!CRFv,Madalena,Moreira,Fotografia Perfil Profissional copy.png
andré.teixeira31,qvR_Gs6'X3-E,André,Teixeira,Fotografia Perfil Profissional copy.png
francisco_matias18,ZNG3'g&aQz*U,Francisco,Matias,Fotografia Perfil Profissional copy.png
diogo_costa50,@\T)4j#/H<((,Diogo,Costa,Fotografia Perfil Profissional copy.png
cláudiateixeira,~idHF(!!8^VP,Cláudia,Teixeira,Fotografia Perfil Profissional copy.png
franciscomoreira,~#~sZwAc!'\L,Francisco,Moreira,Fotografia Perfil Profissional copy.png
manuel.carvalho40,I6[F{#hMa5aH,Manuel,Carvalho,Fotografia Perfil Profissional copy.png
andré_carvalho64,PehpwG5qmFU%,André,Carvalho,Fotografia Perfil Profissional copy.png
marianaborges45,M^]N.d1XkEf],Mariana,Borges,Fotografia Perfil Profissional copy.png
cláudiapimentel,HdH#ztBIFMox,Cláudia,Pimentel,Fotografia Perfil Profissional copy.png
carlos_teixeira42,%-M:iVNOu|'},Carlos,Teixeira,Fotografia Perfil Profissional copy.png
leonor_carvalho4,-]q)Qglb.@Ia,Leonor,Carvalho,Fotografia Perfil Profissional copy.png
martim_pereira38,"WK""!R3\<s(#@",Martim,Pereira,Fotografia Perfil Profissional copy.png
francisco_alves42,LC_HQUr2AM||,Francisco,Alves,Fotografia Perfil Profissional copy.png
gonçalo_batista9,8~.[]`e?jWQ2,Gonçalo,Batista,Fotografia Perfil Profissional copy.png
bruna.esteves24,~[+q~#\oC6I<,Bruna,Esteves,Fotografia Perfil Profissional copy.png
beatriz.freitas50,"B""8[/nyfS|sw",Beatriz,Freitas,Fotografia Perfil Profissional copy.png
diogo_pinto,!|W_G#%hU`4S,Diogo,Pinto,Fotografia Perfil Profissional copy.png
matildesilva74,f=Z7y^QzCG)&,Matilde,Silva,Fotografia Perfil Profissional copy.png
martimmoraes6,Vzpt]jfhR|[R,Martim,Moraes,Fotografia Perfil Profissional copy.png
patrícialopes10,=IyZcT%2Midu,Patrícia,Lopes,Fotografia Perfil Profissional copy.png
emanuel.araújo,UQ[~9OCSY[U(,Emanuel,Araújo,Fotografia Perfil Profissional copy.png
leonor.freitas,i%oN.[kcl3RB,Leonor,Freitas,Fotografia Perfil Profissional copy.png
margaridacruz11,.C&xqs/xJ\N5,Margarida,Cruz,Fotografia Perfil Profissional copy.png
madalena_guimarães21,xtD60IKZ9s1/,Madalena,Guimarães,Fotografia Perfil Profissional copy.png
antónio.barros23,j8=jP?QzOjN;,António,Barros,Fotografia Perfil Profissional copy.png
lauracastro2,KF{rbT_%~|N2,Laura,Castro,Fotografia Perfil Profissional copy.png
rafaelteixeira,|.PM1_zt<=pa,Rafael,Teixeira,Fotografia Perfil Profissional copy.png
catarina_pimentel31,"2u#v/""~Ec}k4",Catarina,Pimentel,Fotografia Perfil Profissional copy.png
luís_barbosa43,tyS\\.A*(u.h,Luís,Barbosa,Fotografia Perfil Profissional copy.png
joanamonteiro11,QWeFcsxml^2P,Joana,Monteiro,Fotografia Perfil Profissional copy.png
joana_bastos,QLy1Fm3F=rGx,Joana,Bastos,Fotografia Perfil Profissional copy.png
gonçalo_ribeiro90,5~]/zbn=k}Y},Gonçalo,Ribeiro,Fotografia Perfil Profissional copy.png
david_moraes56,6wto8b/*MXCW,David,Moraes,Fotografia Perfil Profissional copy.png
elisa.gonçalves44,"9kP^Q""(S1[6""",Elisa,Gonçalves,Fotografia Perfil Profissional copy.png
afonsodias19,"M#.Ha=,E.~WZ",Afonso,Dias,Fotografia Perfil Profissional copy.png
gonçalo_moreira38,"RyZO@j<mi,xB",Gonçalo,Moreira,Fotografia Perfil Profissional copy.png
anafigueiredo2,gOo\NJnF0z)C,Ana,Figueiredo,Fotografia Perfil Profissional copy.png
inês.castro88,%8#iu(3`q[={,Inês,Castro,Fotografia Perfil Profissional copy.png
leonorribeiro88,vM`Mo`G-q0L`,Leonor,Ribeiro,Fotografia Perfil Profissional copy.png
manuel.miranda,uU6Tg`L0)G*r,Manuel,Miranda,Fotografia Perfil Profissional copy.png
madalena_coelho90,)R<8zXhe%'7k,Madalena,Coelho,Fotografia Perfil Profissional copy.png
henriquebraga90,$IT*Ot`\a7{I,Henrique,Braga,Fotografia Perfil Profissional copy.png
fábio.gomes36,S<QeT\@[`pAG,Fábio,Gomes,Fotografia Perfil Profissional copy.png
miguel.campos,",?Aetx_@v""5y",Miguel,Campos,Fotografia Perfil Profissional copy.png
alicepereira40,`KL.07}>B4xy,Alice,Pereira,Fotografia Perfil Profissional copy.png
diogo_pinto25,OTd07%]nCmWA,Diogo,Pinto,Fotografia Perfil Profissional copy.png
laura.teixeira,"w:'b`Y,#Z'2\",Laura,Teixeira,Fotografia Perfil Profissional copy.png
